mfcc_mean,pitch_mean,tempo,energy_mean,speaker_id
"[-595.94249981807, 136.39248111893605, -23.46671935932315, 21.405036974736653, 1.5220469923248212, -18.685192459109217, -4.634497985611226, -26.965920203015543, -11.582314325606887, -3.5836810315633247, -14.937031288364569, 2.9147451930255635, -2.2595353275326318]",187.03114390793337,208.33333333333334,0.0059851953,2356b88d
"[-345.9767627000783, 153.9655449154163, 46.12296497881687, 12.945607961761286, -17.032540504463093, -7.5758164938824475, 8.185936279350457, -1.8582118840512116, -1.5962620504734408, -10.183261133657954, -4.535836583931737, -3.0192195520848877, -5.404115310327294]",166.56760528177824,187.5,0.10744617,3291330e
"[-354.3603397197408, 115.22056549988766, 3.5856926094153363, 20.890976061784777, 4.031069903984453, 0.5738687347820515, -5.637016213130289, -4.756491886726718, -4.088343603529463, -0.20534560865411072, -0.8039086441418896, 14.047992568617158, -1.118948816498435]",140.26684732547784,234.375,0.047562398,b91b718c
"[-379.1581745907714, 105.5796565818998, -19.36949988535237, 18.506610369573764, -0.3654742098005759, 7.270357706830556, -9.661018251029244, 5.077914550878779, 10.805236753019823, 5.001336210593369, -7.115069310309261, -4.424647439456063, -2.975034813065343]",150.70483990390176,125.0,0.036903195,85851131
"[-401.73213927277317, 115.93812986394961, -13.566396299829455, 33.37957362898511, -3.652828491638084, 16.043649193241865, -11.335232366265874, 21.049598122043925, -11.814792412872494, 12.632854055646217, -2.099496257511905, -1.4504277988199372, 7.112643384757371]",130.7819179580605,156.25,0.0058151484,244cc3a5
"[-419.4676221809075, 99.55901414627476, -0.3606021272518771, 18.31754248466848, 9.44410256259146, 2.4785496659249056, -6.362434536941331, -3.077303921966754, -3.837644197803528, -5.96065719470667, 4.716694996174159, 3.816166254944626, -2.0092288338417275]",136.12272313980566,156.25,0.040420465,2927c601
"[-443.6128376052128, 113.33309576074943, 15.815448738494998, 1.2544456836067337, -7.435817765248529, 3.3516198312728784, -7.125993286719185, -22.032801907087265, -20.105343499456225, -2.753517470931798, -0.7200684489940201, 1.0803581761294447, -8.427190126204362]",158.46478453995243,187.5,0.03773131,18e910f4
"[-547.2737575939971, 113.82659791563802, -23.9270122709711, 3.107899943678213, -3.818160576137285, -2.933102858350618, -5.187878465045144, -11.644210560448078, -4.69698481302244, -9.116907596573903, 3.5866071928696805, -3.2563915590568917, -3.849927266375183]",143.415436162494,170.45454545454547,0.01172241,9151f184
"[72.52103834782706, 75.19661072119908, -4.109487376001664, 21.877609428614726, 8.487282377353647, 6.295436305211661, -1.9661888669577863, 5.548834242750925, 6.097892582570283, 7.297108617438905, -1.7478334230904597, 2.6829286490791087, 2.4780091216081948]",125.62764919374229,156.25,0.62412316,86f3558f
"[-367.1353569532738, 148.3031314072328, 5.747244901039614, 5.884096677627054, 7.3671449580716, 7.585198158754624, -13.775593027526433, -3.960701090442573, -6.109030741417785, -3.974222149850454, -10.901401387659533, -1.9096638270211836, 3.113577687738946]",141.6377497405183,170.45454545454547,0.058579784,ef3367d9
"[-369.0295379386222, 96.84464690129829, 5.475158779494578, -4.405011961514011, 4.7040585905056265, -1.4803410311469283, -17.6596694992712, -17.464294214182054, -7.359606842668319, -3.1798295238865095, -10.411580302033148, -5.950138665222234, -9.30840373768362]",131.92129662261098,117.1875,0.055213563,fc3ba625
"[-411.754960980529, 119.0859768306618, 12.664369100068228, -3.9791798148612956, -11.989926879108722, -3.7993758049969024, -5.734011491568066, -15.70831839519322, -3.1382779778969416, -2.353442704549828, -6.6580884259255715, -4.086852438332366, -10.19143114945435]",130.20221750020318,156.25,0.05597911,8e523821
"[-272.3816728535636, 92.55275116717607, 14.342079598729, 14.710692744500246, 6.554509250635144, 14.90560039781668, 0.07697481615852908, -2.115552523760588, -13.187924927246758, -7.685750659850281, -9.485421327925565, 7.599986251140879, -4.025379896449399]",132.6178590550271,125.0,0.07270582,226537ab
"[-356.7202210638705, 87.80280700950993, -31.948516267689303, -0.1062693102212724, -14.243877150228766, -7.113926128451164, -8.705460241696496, -13.254474324431637, -7.734576576276588, 0.5914705832554545, 0.4340121893883129, -2.9493206989879055, -9.367043553046878]",164.74629601650543,187.5,0.048526328,06f6c194
"[-489.41882494866303, 107.910017188647, -13.303437356346324, -25.722599756851515, -19.13382130083193, 16.420015202896263, -19.393243982851782, -22.329926944662212, 7.676717185847744, -10.590749175743637, -2.251521231503111, 3.843249639891079, -3.0995653621815773]",102.80779974909869,208.33333333333334,0.02441733,5a5721f8
"[-413.7937854593369, 124.93291278894488, -33.461447447063904, 16.492785559264973, -2.232460638775548, -5.504644712678589, 0.08714733506222516, -22.307163418500686, -1.4068906217659702, -5.2504510522025205, -15.605166323253302, -7.997235352922698, -0.3205729991661914]",169.9798559980252,208.33333333333334,0.040812995,ac9dee0e
"[-386.0015761936831, 101.01840489103375, -2.7787441251227887, 10.522811054458675, 2.4148393964395636, 5.325712528501212, -14.52903234768031, -12.840999739294684, -3.6096219579137996, -11.116800216186641, -10.758199070877012, 2.5926319433984735, -15.296032659880447]",158.85557255679942,125.0,0.04495728,978240e1
"[-357.3723566407142, 127.98474732365825, -10.155203775811595, 20.918433014670615, 37.89098890356898, 4.759088951739692, -16.258539286357585, -5.178062893105441, -7.117016899104081, 1.68539367445165, -2.293019970348684, -1.4266446915928568, -1.5222101204087835]",167.42755019371128,234.375,0.06436062,42a99aec
"[-489.9083313314213, 82.80784040739823, 7.6250395436416, 22.5594786031801, 13.153539144782426, 6.539738257059737, -0.2893908267554113, -0.6370757385098423, -1.3621092549286176, -0.7540029665567477, 2.9336509622027123, 0.17009277863270378, 5.827866492172701]",140.6176191244923,144.23076923076923,0.009520112,62f05757
"[-288.70895706286126, 65.21971355550498, 5.394909522157808, 19.85230418152309, 8.523821385792159, 6.6672612084420875, 0.46144486113389843, 3.702722139519095, 1.5490061135032775, 5.386827774794214, 5.355754201918672, 4.4883015489215845, -2.793791750908557]",99.71539742120669,133.92857142857142,0.014311573,9307154f
"[-380.87681991869556, 102.25852182096844, -3.1071729469185376, 7.702158988122068, -27.03660260106271, -7.95500541843635, -15.218692707936821, -10.548732589694618, -0.7946409861924795, -14.444335577547351, -8.44531658354003, -5.2875454021981385, -1.59895232974697]",164.89479542170375,110.29411764705883,0.054279216,e9abfe31
"[-81.79073827631235, 73.2375219208781, -37.668894628350586, -8.827686108774085, -7.274378794217858, 1.2544895547076251, -7.65203197526779, -1.7656069260041116, -1.316664191368606, 0.14668372780833797, -2.5594003671104257, 2.2472474815282237, -3.2654487369637692]",156.98210952381532,170.45454545454547,0.23927304,2fee065a
"[-286.45344292595576, 139.81808841125564, -23.160249708517448, -20.03088268131208, -6.0914374134356795, -18.900733532459398, -7.280818932974643, -2.130360189426469, -13.904626087341201, 1.5144233135720482, -7.49356197369242, 17.390745974547865, -13.383218253786382]",204.04312361854022,170.45454545454547,0.09308351,195c120a
"[-494.8176178268119, 97.77315804675537, 35.560446270401755, 39.37541620280945, 18.539254524635385, 18.26304518683295, 4.980706837561261, 16.541975747794375, 12.446761265951958, 11.41292576787848, 7.253254428395448, 4.3750766430027985, 3.106954384155009]",88.29202770854609,133.92857142857142,0.019706363,fd9c7413
"[-438.7895516594384, 109.28151270961268, -3.8384500228825615, 10.25341831800566, -1.9431331890490386, -2.171180883051684, -12.42795503582282, -14.797657816503413, -5.735641603006064, -14.098476880241021, -10.310014612739497, -5.720988973704595, -2.8970506219116547]",126.87991486172055,187.5,0.040510453,513aeddf
"[-431.93506241073425, 84.62437795755582, 24.400953329282174, 13.03112567682615, -11.040712844829775, 3.2485940485855584, -8.97174601556891, -9.307139168460068, -12.743414624299087, -0.6533925565380689, -3.002542013936329, 0.2283944036665777, -7.856191142817574]",181.5186395291039,144.23076923076923,0.04555417,a55105d0
"[-415.1774680429037, 123.91531990304651, 11.381036899433996, 17.484537505071085, 6.871751485689389, -5.953821019530735, -9.5905436386317, -0.12132691515965105, -8.281371568945673, -18.217815886439723, -4.267864999011184, -5.69361672290655, -5.083810414775139]",144.36129141413835,125.0,0.05887536,bb6d4301
"[-351.26456980491685, 116.90936277773699, -28.183170341751573, 21.165864950670308, 18.731809385950466, -3.529030809936242, -16.104312729368516, -8.03666762172811, 4.65821343366119, 3.2837106703613212, -4.535101512554386, -7.657184013094071, -9.653758081429821]",160.5917957533698,117.1875,0.0644958,51c5601d
"[-445.94473376268525, 91.91249333193387, 5.814559511115366, 6.110680344286203, 48.32741768676, 14.769926345514293, -11.081600311286179, 4.202198500205066, -2.630430730897362, -7.739450115495817, -8.507120562470343, -5.4696357476858175, -16.397459400785234]",210.51852998606478,187.5,0.023905262,b69fe0e2
"[-324.78777464044816, 180.83385379636613, -4.259720272253159, -30.520307306897458, -12.269121608052867, -18.8302374060043, -28.954036400584968, 10.686435676885939, 23.43129968513678, 7.453400222848718, 9.205252429537076, -5.57641379208731, -21.012004435436722]",184.66837040039138,170.45454545454547,0.098636955,5a98d407
"[-466.29601114566606, 127.73279175014025, 23.757500467178943, 12.221645829665883, -3.772724921472038, -12.24694769761655, -20.81669631344804, 4.335652433035936, -0.3011461289778331, 0.2859846577114149, 4.793033574803938, -7.530772543199983, -7.280136561998162]",152.2389169748952,187.5,0.016051423,d394ef8e
"[-327.3973255960648, 111.98156312693241, -19.86225220347233, 9.583340811579507, -12.339561498006184, -4.5638779291743345, -16.602401118670443, 1.7792756724881247, -18.597549554841613, -29.02184435396835, -10.958800483471798, -10.285342374338928, -2.5419618041424847]",261.27981292424136,144.23076923076923,0.08549003,890cc926
"[-389.62955536623133, 109.84002718694438, -7.362596336467364, 7.441219092139005, 6.037402001132239, -10.04829554676826, -17.01389164487503, -13.255803440011636, -2.245968010874014, -6.8168765397371995, -10.741383094629395, -3.2055434186533707, -4.227541246951014]",142.87912826785802,187.5,0.058267757,472b8045
"[-412.12568506090156, 112.19775336134106, -24.909506648398782, 7.927729755140354, -21.536308184179376, -6.085167899430987, 10.044491061228236, -2.2197956626632127, -7.056787294531313, -5.6879020193432055, -2.377750919244499, -14.938844438574723, -5.236921053692835]",135.77473612944084,208.33333333333334,0.04070161,7f9eb952
"[-396.4658849477729, 95.16418297053252, -39.96941225277094, -28.203185642878502, -14.389554109836343, 16.933185907432783, 4.075729899429441, -14.916131295375706, -9.895097156282974, -11.625462417949336, -19.323260354301787, -7.499417221503655, 3.447559448779975]",192.86316902475835,125.0,0.053768903,821b64cc
"[-320.0155599697219, 118.88728602292537, -23.243245728786015, 31.958882133469437, -39.584136073916206, 18.186227443743498, -12.085587394981308, 0.0811725424815887, -27.31195257510298, -2.746303642134328, 0.9008384934262419, -5.3133181033951224, -7.4588440077272145]",135.74915812286005,125.0,0.022540621,262d7a03
"[-475.25917751397645, 114.2733648542258, -5.618781636775714, 7.460497319262746, -6.473376233923979, 17.227412499210864, -13.79107514677818, -1.3707700714208264, -9.36140905864499, -11.3962736196235, -12.067481710691574, -5.9291244482239325, -0.5851506111067205]",189.80761326721378,110.29411764705883,0.016362129,f798ac78
"[-326.61959291775395, 110.73657207565002, -3.2534465046589167, 1.8041358970011316, -15.953324812699496, -17.69471208570083, -22.763599394113633, -12.512713918716921, -7.968363948822636, -5.915298418249974, -6.499648033843026, -5.5446091872318926, 0.9840855378264854]",136.3959538374017,156.25,0.0839408,617aeb6c
"[-434.489778398283, 134.56060508601493, 4.091322980740675, 8.074757912429476, 20.061533413113004, 8.279765918447609, -20.596898615760264, 2.7353720759334417, -6.56394871967964, -8.681353241696154, -14.983248610170762, -10.86800762713506, -4.564531463739427]",171.50316003384467,234.375,0.050830323,cd671b5f
"[-266.3309928604641, 58.92758605736143, 6.062241262605323, -13.744313829275036, -10.942164804318729, 2.963408440689772, -37.576003291262985, -15.839195376811446, -0.24647390874418118, -10.970053277728535, -6.6032628379677965, 1.266080089378575, -13.200281849056497]",161.26317086809576,170.45454545454547,0.095222056,4995d875
"[-469.00690244958435, 90.84379561059183, -24.576559958817633, 9.735617175916914, -20.28752757907872, 3.9951134470585172, 2.08373557434353, -5.513980664019149, -6.4253042438211825, -3.061043929406783, -0.5860772563365855, -5.894163699410759, -7.594647963069279]",168.57212716991057,170.45454545454547,0.02471387,7fb8d703
"[-436.77842279832254, 63.664973310492286, -39.317181525192446, 11.60447272844575, -15.302286539544797, 12.786041427051684, -18.786567620380882, 2.1366023872572995, -13.201227727182143, -10.205593924423278, -16.80173092254693, -9.03407688573343, -14.647453535679505]",162.52560735283416,89.28571428571429,0.016996747,c1cc6e95
"[-422.61916155075477, 136.47469870927412, 16.103462256343697, 4.353571279315195, 8.142467725628894, -6.300762101189183, -26.539742266062582, -2.9329011496007067, 3.7015700337037636, -5.8980334468915565, -10.870677678151909, -9.254445179853517, -4.150268700298662]",154.35022372791553,208.33333333333334,0.038320556,a1e71565
"[-400.7921940427663, 92.03936184328649, -26.70914239211961, 5.591033071998185, 2.6130066496522906, 1.651140214426407, -4.308611602806448, -2.5204437554248758, 4.798746090650171, 6.473315251239929, 2.3589120903959344, 3.4516519028531327, 2.0999130552838476]",146.59805546726523,187.5,0.013509098,0d6d7360
"[-455.0293848019457, 103.99550002412641, -10.156243213090956, 10.514845437658852, 2.256656725072588, -1.118635552054746, -3.573651661082822, -6.645348477753311, -8.204183877247889, -5.905715125048742, -7.4450267335763725, -0.8494998034481754, -15.042157978247937]",174.05138986028504,208.33333333333334,0.030909639,d21fd169
"[-543.9878357935287, 73.68136607565727, -5.949977989501971, -20.484797673020847, -9.265076319820183, -10.35763741358921, -3.214093181195516, -2.073333755080154, -5.493398898071698, -8.123862147092924, -13.619806776739413, -10.184517632485857, -4.773346890994464]",148.54104357299596,104.16666666666667,0.015047824,fb7008b0
"[-292.97310517978343, 189.7636607809003, -3.747150835458835, 18.472872117808684, -41.45019621251866, -22.109816165081003, 14.208720522016309, -22.136913799590634, -14.971911706736234, -16.166198203400903, -8.987441708571398, 0.8098740282649848, -13.129239518030502]",150.05896840473702,170.45454545454547,0.10116066,42f81601
"[-370.08272229554836, 113.78027724547005, -24.431249691885924, 23.82536828805393, -9.206988595830325, -16.17486128093172, -16.690873285876897, -14.013937503694976, -1.3295140826453993, -10.361768272871707, -10.382259909140119, -0.15325098948863247, -10.542453896676701]",156.76976322902283,170.45454545454547,0.056780342,3a3ee7ed
"[-337.00660510656286, 112.84005875279254, -20.213006693355556, 15.24122920334266, 0.11678569177173292, -2.7486952282117496, -33.93179309382556, -11.709367677538413, -3.8799205041797267, -1.1372308181597242, -3.9879851640358757, -6.7621760317286785, 3.444104468401955]",163.99153941742583,170.45454545454547,0.06987008,fa57ab3b
"[-355.99098725579756, 102.16545580780524, -34.03675255928774, 5.812297935753893, -0.14357435542710117, 2.0706496834410775, -14.545703173686627, -16.821562003260215, -1.6770024943766684, -0.174097340949652, -10.428150498179292, -1.4046039224245628, -9.269380839808216]",180.59903131285984,208.33333333333334,0.062194098,fb8c31a9
"[-342.8556376322915, 107.31076829416563, -21.05904540191901, 13.812338114969855, -18.408302959550667, 4.970630088197645, -15.387022113383006, -20.321301133626516, -13.960685906799034, -11.801371813336498, -14.346898382593013, -7.1168725640322466, 0.3244436579308704]",164.74120481651764,208.33333333333334,0.061461426,f0522ff4
"[-383.4164437094711, 69.95234507888571, -32.98402468460124, 2.0381585914470564, -14.05545799774493, -9.292825925036922, -6.579463150604747, -5.212684550223738, -17.796064500805674, -4.950746560332966, -10.462516636146756, -7.3103019212253555, -0.03174554313795719]",232.33691333684268,125.0,0.05206837,f5341341
"[-355.9809490478259, 94.71060757947299, 7.028496693068608, 20.667207793548293, 2.0237427773251833, 6.623973244206206, -4.323441691209233, 3.4924386367542253, -2.5318967941353945, 3.4899806217790705, -1.3040929505359373, 0.36386569401782864, -6.785610786700387]",141.33508486045025,234.375,0.067700684,5ebc1cda
"[-396.6684550837679, 98.259254342192, -67.70598817588645, -10.359387645585272, -1.6441481578365245, 0.34422983842765464, -16.448128730433645, -24.495384771409327, 0.09589386521893073, -10.079849727882483, -7.802892579506692, -4.512025960274573, -1.431032452028535]",128.39901695149655,267.85714285714283,0.05152648,bde0f20a
"[-422.05777753543833, 123.48432064830558, -28.596420196866507, 4.216114606980018, -18.221762562773012, 9.184794824152144, -0.8686242284868002, -15.89381919614731, -9.460260257808933, -0.8712395063591881, -7.832787285820979, -3.688676683699909, -8.774850066574714]",156.7719372994006,98.6842105263158,0.03554446,f736ab63
"[-336.20881526619354, 152.24099108112907, 5.914732163174843, 8.142565581491512, 17.68127980586488, 6.300542536957648, -0.7900932081908286, -21.90054628203007, 7.528280534035597, -7.329248572850174, 5.271987167761997, 7.049376872709487, -9.929083048010813]",160.65705601120496,208.33333333333334,0.069627754,54ad8f22
"[-394.24783553210085, 139.12441661178852, 20.471716888922323, -11.406292927278127, -27.183086914692904, -11.117837932988191, 5.251831006216339, -17.154139349830416, -12.007860965518143, 2.0782565540834383, -18.132348175830668, -1.3020534323783286, -15.541615426437456]",166.09575648517955,104.16666666666667,0.05299902,fd5ccd39
"[-456.8806518628734, 87.47534132394676, -9.880824040289138, -4.843048643055273, -4.582779170024548, 10.048319874068685, -5.677734350673581, 6.696167244338191, -2.0022948588527743, -8.697134158201731, -12.958304409977092, -5.43597871530374, -11.873466871661687]",198.41565909370598,187.5,0.023343526,050170cb
"[-295.45929607946545, 82.52356238499041, 2.6898544878529784, 7.943134185035462, -21.29886809606587, 5.859111242487851, -31.211824307749833, -11.190237595827485, -11.433880663462899, -2.4148649210622457, -5.400040160836744, -16.39494762243308, -12.516721286954589]",177.39084617179066,104.16666666666667,0.057640158,dd664d92
"[-426.06498332509705, 120.17790582055709, -13.677766556126333, 24.873014475756488, -8.296917928739441, -7.045175375220939, -8.581293175959974, -14.070769113047694, -4.518789545616828, -12.6468936351918, -9.06247752374305, -9.47679921089577, -6.796670093885252]",132.55326394385403,208.33333333333334,0.038691334,b528edb3
"[-356.25345123919834, 99.20243366530639, -17.811805778712326, 15.606448426886216, -1.3670022532097441, -6.565791537803044, -5.753379679854166, -2.6336866903049665, -0.7286731188221264, -8.461919289200406, 3.7451954383531576, -6.546230876810293, -4.109125718248358]",177.54981808334162,208.33333333333334,0.06718421,96d8bb6f
"[-346.8956761067003, 153.6141635668472, -11.530332670307104, 4.6920421384555695, -0.7787786061754977, 7.144352370446748, -15.791327164747567, -7.253965921593009, -4.130325092627768, -3.271618279005557, -7.125820047143391, -3.151160489749195, -10.287620475508593]",175.61632572669194,187.5,0.048072457,98ea0818
"[-413.0831659017157, 120.72510273815547, 15.183868368788819, 25.810799996355676, -1.4353659258691338, 18.12974082189699, -2.7897838375954334, -3.3809142687293106, 3.880664316507189, -11.37108582970501, -4.286181223455632, -1.2579970045517268, -4.59818189929686]",171.78814875470846,187.5,0.060096204,74241b28
"[-301.8152271042259, 104.95083655692689, -0.19598670293571985, 27.956419319528923, 9.13407352908108, 4.59886431653767, -16.042459086144632, 1.1267068619722025, -7.901227639618121, -2.596770501567993, -10.736317085462556, -14.624433620957333, -4.84667674581207]",165.72992379010338,125.0,0.066701494,57152045
"[-311.06394277018535, 113.80227707135512, -14.543571884180164, 2.4923802403396413, 3.0912589244013002, -5.809141423514812, -10.271546243098319, 3.816809848815004, 2.75980931641523, 2.6078860511555257, -1.3703043131467147, 2.747888984870438, -0.718369226594853]",160.2982687256572,234.375,0.046617746,d4dddb92
"[-398.4738441737746, 127.79468743825788, -24.868779296592308, 20.10642678955297, 8.168297300627263, -11.330746983793022, -0.9196379732557329, -2.8188220699354702, 1.464520103088109, 5.677371941614089, -9.760201669784342, -4.4506623960682115, -0.6791610912885366]",128.14472772627707,156.25,0.040982608,a7acbbeb
"[-317.2498477612383, 130.63489489791624, -38.606607140821716, 34.18074217431309, -4.160504645622567, 15.435452862163025, -18.413584513273925, -15.78658822531559, 5.673643991900063, -18.530118847983193, -10.659226216631303, -9.812322596448201, -13.701673753368057]",146.83876354488845,156.25,0.07923667,dae01802
"[-396.03329029140497, 104.89999475187813, -37.37985759676165, 10.522528573563893, -21.30371167674415, -14.095530793279039, -15.755000931098413, -11.613320143315125, 2.424673879733433, -2.2963105270898163, -5.979829520718717, -8.585066784380277, -3.835902509033205]",134.62854023149956,125.0,0.04119948,51f7a034
"[-449.4752013660344, 97.03815236521712, -23.302517861756993, 13.331082404031314, -5.309568957038894, -13.735586178376536, -16.64326045973687, -4.271333596089123, -8.453196749686427, -6.373758779031498, 0.151676523747802, -6.204507356805068, -0.0453192206160935]",208.85146786657,208.33333333333334,0.038338345,c50f55b8
"[-426.6871599864206, 117.49369568778113, -4.5474169287414075, -2.533422960893212, -19.31041919889416, -17.823433314989124, -21.962108776608005, -13.15221968543726, -13.217702694291678, -7.3377872588466175, -7.215579089555209, -1.7151328638419012, -8.221549895976588]",208.47789494725274,170.45454545454547,0.043485295,2748cce7
"[-519.9565758763708, 89.76454305022483, -0.2955991230088273, 10.77197110749307, -11.834808129757898, -10.383795240420874, -4.9638565817681375, -2.797772346672852, -13.979130160583235, 5.258317210841167, -5.008678590114287, 3.6392847317515438, -9.898818761126824]",126.0564987216396,133.92857142857142,0.014562191,235b444f
"[-284.59404098508554, 149.96614323953642, 2.3338095275880373, 5.401993990453682, -0.7155891673755901, 10.076170545248468, 4.871296836671886, -5.2919002135865805, 5.027266281057684, 1.2045900498939683, 0.3379024323516763, 11.601021637463564, -5.6479594382073905]",170.14247388386968,144.23076923076923,0.03429248,82951cf0
"[-416.88504468176933, 121.31463206222303, 4.597924977019377, 35.205048160374425, 5.677342844807164, -10.30110113274113, -16.883870657857525, -16.166603196784408, 1.1933852661751854, -10.958719365954082, -9.643605032307116, -9.701262081388817, -8.325819424126774]",199.34463955358774,170.45454545454547,0.047253825,64df20d8
"[-357.2259298664955, 142.17248527280617, 22.174656742344986, 4.707570273959381, -11.155422215413058, -3.5664487830068823, -18.524635861387225, -8.422735794907446, -10.242550920445428, -0.865110346602803, -5.320157980494846, -3.6019148018815557, -7.735032304953208]",177.24864594292694,144.23076923076923,0.041043982,5769c5ab
"[-293.2854577199303, 81.81125030807164, -36.154327068372666, 8.731255012673905, -9.642408564259478, -21.01099042499712, -28.6189849570335, -19.52600096480502, -30.444559884376027, -30.586139144074146, -23.458817243889307, -25.11605681783626, -20.13276722764476]",269.0587914309938,170.45454545454547,0.022298899,5d4e3bb8
"[-330.31786587693716, 102.82737088222852, 27.17950796266769, 32.47594339629924, 13.30182940953772, 15.924561662614462, 3.9198126081081037, 4.520339299770547, 9.22095211178867, 7.556201651433522, 0.21291955931202178, 9.381599324161844, -0.8425405191829407]",87.25645317816404,133.92857142857142,0.017497646,9bfd6a9d
"[-380.3098156638347, 94.68854554041435, -4.543574847614088, 2.72257389363601, -3.9997842480676717, -11.576232271315543, -15.654776028137533, -4.270110288411959, 12.026521839460932, 2.322495551595684, -10.18080602848584, -8.404025819960928, -10.141514422251866]",177.86384148349146,144.23076923076923,0.04537028,a77fbcfd
"[-314.7416026270528, 134.84183470753828, 7.82122007461378, -2.862557665952643, -12.69717695607801, 26.676944484907786, -17.091563529059968, -4.724217655857636, -3.610940260927579, 3.085227301370786, -6.066373402101542, 10.259658426483039, -0.9102257910830944]",119.56125499813017,208.33333333333334,0.042235624,e4be0cf6
"[-372.8219000927167, 101.57803421326359, -0.8100165860908222, -1.470161249406996, -5.5950133337810914, -9.434363741173796, -20.419800677067343, -14.187749436447682, 6.201463570989924, -17.368561921919547, 2.8311544864796416, -5.686792439193184, -8.093751203867324]",146.00799292499295,110.29411764705883,0.050194684,0a2b400e
"[-354.8758909694907, 106.95880118214143, -17.507460753281727, 24.145655773358186, -12.644127414403568, -31.092433145293228, 0.10300406102030557, -17.036913831264226, -12.438520061229928, -0.09288012052800099, -13.983199067516704, -1.9151458534701, -10.597401444358372]",128.41464121298253,156.25,0.05769293,211b928a
"[-376.0085020075643, 122.56915656500851, -6.431365963768959, 29.302119851938706, -26.638316218564633, -9.416560006753505, 25.100015041213005, -3.495300011944887, -14.539796167430879, 0.42142017655251496, -13.289387936441182, -5.335518533637101, -3.5705050791931354]",134.24007782897218,125.0,0.06005194,2f0ce4d9
"[-454.9400762014265, 151.42890317814226, -10.161479445044769, 5.687625622098641, 8.47369107811474, 9.463244809435917, -2.4498078056854498, 4.552727848549048, 2.1285751610874923, 1.2615810091098207, -2.745383764414961, -3.2467086614417924, -2.1742460792637077]",135.2528855722858,117.1875,0.027813882,29229c21
"[-192.14370799112035, 138.2837882924403, -64.6642461206436, 32.38308200601943, -14.178344613951385, 18.793443031745152, -14.636827823646938, -4.2385862469764914, 3.8679301918888003, -1.092710441730325, 2.007314209926078, -4.612553099761162, -15.986859669580438]",145.3295918883744,187.5,0.07213183,ad526ada
"[-444.91425186459725, 73.51266408176113, -6.246704896828362, -12.655625597716332, -13.031561328575794, -13.825873654546662, -10.378502167549986, 2.404555430198759, -11.67470343394156, -6.841342888317916, -6.001062639337626, -2.277995400178712, -5.59059636203401]",182.79195716408034,234.375,0.046625838,460209ac
"[-313.80318000180364, 105.15456226831412, 9.1186047319336, 20.10488419495573, -3.388604836418244, -9.477979585420126, -31.808012691602737, -22.63848390663029, -20.089969603656645, -19.029895089301224, -13.686315329262833, -0.5527037092760296, -14.243114781373283]",143.41099777440704,187.5,0.07821125,833d9f56
"[-432.81312606926804, 142.96054649831538, -0.3939343040546843, 17.45757091569996, 14.66509050712076, -3.1522847595656605, -10.840832987375084, -8.37012057995915, 14.126606660440856, 3.6630984677199243, -2.380745978004386, 0.33124371621422116, -8.748526699359628]",158.75275871900897,208.33333333333334,0.023369908,15dd287d
"[-305.1878461476257, 102.09122070417881, -11.25272846287965, 25.168282845938307, 4.654731376563696, -10.416165504668456, 4.6053230246663235, -9.786380939539029, 1.4439033158927732, -8.942371669900442, -4.701023673878868, -0.5997134478798267, -2.8263020041482942]",133.19132734773348,125.0,0.07155268,779de043
"[-292.51131130314815, 170.7486890122641, -45.119517427518446, 22.10823925380658, -31.02046325785128, -34.39955202726367, 16.27533392941331, -23.701267151962593, -14.850719173253262, -5.266745460361394, -11.653904550724562, 6.383587805201309, -7.128559867461965]",149.19251570017394,170.45454545454547,0.070134744,54aecbd5
"[-280.86678659040035, 100.84681655127625, -14.620027317477973, 16.89440181672458, -4.055320429148694, -11.509681443887326, -31.078280367838968, -16.467547501350708, -13.544431565190699, -18.130474470369364, -15.6752850964701, -9.278666280432457, -13.140994494941737]",168.27446468561845,156.25,0.062217385,3ce4910e
"[-327.420883184632, 158.41940841451697, -13.166251850856945, 14.177961879665759, 3.908252220977669, -7.531828870856101, -1.1252967782715693, 2.5094945458962585, -0.9281984928579243, -3.365620951118159, -4.421556199059287, 12.028285126276959, -3.455432951776098]",155.3140749525458,170.45454545454547,0.041569237,ec9b830b
"[-478.21938211533654, 114.0197365618984, 13.940063918118778, 21.761460431076326, 7.902069770046099, 23.576353116677275, -6.281961743738391, -9.792070837567621, -2.5159591426738444, -10.200033120576553, -7.043919596987507, 4.55140739087763, -9.760030025708808]",160.3772731389078,234.375,0.026047602,a7200079
"[-459.66033306791337, 106.98926582787192, 6.302580359660959, -23.7109909100883, 6.381929651226692, 6.874547295979564, 4.075115111868669, -1.88180254963209, 3.919439526393737, -8.26115391560961, -4.764601796942716, -7.979309953669329, -3.818524230451149]",141.43428092662487,187.5,0.040386394,878befa7
"[-569.3336240864944, 105.51512348570381, -16.913229962042863, 11.010013709372448, 1.6335355198708421, -2.2336726108721794, -17.461280173021677, -2.27658872667196, -6.597525228716411, 5.335797215922426, -11.934678301322297, 0.10263305396214373, -11.411190244322508]",120.65278931178736,187.5,0.0070362017,674ca5ea
"[-358.42872112708557, 101.02591972607328, -57.540176014997805, 26.897118718277376, -12.253675999386436, -14.334441368394607, -9.781860100538033, -16.815239715768932, 2.4657931698372257, -14.070246959533842, -11.265247682311852, 5.81437430083748, -10.839073126962125]",186.4345570898411,144.23076923076923,0.060424417,0f7266cf
"[-457.9329352494416, 82.59964602464345, 7.322042882194743, 7.25954346324033, -24.62713426957075, -20.03375726094813, -11.243416670684365, -16.294996246272994, -1.8613297543158844, 0.7191103521946209, -9.976646759944778, -12.584642949553752, -10.174104406743805]",141.11486154743437,93.75,0.029236024,18d84076
"[-374.1937914493884, 113.20862384585297, -46.78754871256052, 17.02984919396761, -2.283906334017079, -7.727563929764588, -12.966223478417128, -12.428263745676066, -2.992387587692934, -4.457825950472406, -11.334387354600558, -2.4661523547365136, -3.928415897610259]",177.0515031471727,104.16666666666667,0.041974165,7d6b4b10
"[-376.58060508290384, 161.04863637232728, -12.557246913600999, -10.304950880558295, 4.799702218458834, -13.780627456361835, -46.198193889224, -10.10146754756446, 9.376690544406818, -9.99710754009887, -4.539763447742751, 1.0270302600029417, -5.268314071735519]",180.6470339479269,170.45454545454547,0.050483882,1b42b551
"[-214.96379110559596, 77.23042839492882, 37.03582994504851, 24.452722119785957, -12.25048097338551, 41.68293161583065, -12.070522576646827, 4.7405577695498184, -1.0215314043301948, -2.441513637980619, 8.048994230197058, 6.872541535575862, -10.483152262801228]",99.85235716694889,89.28571428571429,0.049575664,4f558007
"[-438.2617397786881, 140.1023541961077, -25.969446034720082, 1.2609013583031867, 0.5155645278360548, -10.632972969472052, -9.211898420540628, -10.985697820041969, -5.92037999653186, -2.851036243482792, -9.464436798867983, -5.786864476400284, -4.291872862403927]",151.298602868655,267.85714285714283,0.03179793,a16013b7
"[-371.5399787033348, 126.76982471323028, 36.19665073426866, 18.66797722315536, 21.507168531664313, -1.0202506464886691, -26.814625847226814, -28.83236082026695, -0.6104815606359693, -9.24197838791006, -1.2901545040679274, -12.457223723738363, -5.955701051649569]",201.15792313828808,234.375,0.094531834,27c24504
"[-392.36115982981937, 149.81093984913895, -4.3505180596043225, -5.189591033062145, 1.9488878742583164, -4.156524091573695, -9.611984508331835, -7.924351198940219, -3.6616850227889124, -0.07379182918604199, 1.6208374413214808, 2.9920777847764377, 7.472219062025225]",123.54105939094111,187.5,0.049168095,1496195a
"[-302.2007850273903, 121.69782560198561, -45.43108785824103, 19.462007415452234, -13.857376632409535, -5.278441349684059, -8.852244509619947, -18.992407547156446, -5.966848920264498, -0.3090238247748558, -8.466337206269884, -9.117086785402039, -10.729639419237005]",130.72615025843896,170.45454545454547,0.0679986,6565a81d
"[-377.01494049175534, 113.62064287718883, 1.1506984584323243, -5.16684497937388, -2.389306593701281, 9.19612568950809, -10.075422117939297, -7.848247542687852, 5.212675631561665, -7.735866805238247, -4.681693215518383, -4.010601183336691, -6.367666171770337]",130.27745954093652,208.33333333333334,0.06251377,9a76f8c3
"[-514.5733890487987, 112.23569965312382, -2.8276048903600364, -1.9267119861223492, -26.410582946082066, -10.404886605725281, -4.5087700547219685, -9.281795435261497, -3.1352286823034072, -11.00590766296903, -5.265917172154989, 2.583952125431619, -7.430213494666205]",107.38308752253567,208.33333333333334,0.02373266,333d7ddb
"[-384.4594735839811, 112.15517202431039, -20.4335897805722, 0.13230515503310247, -0.5954718181689946, -0.016899724686655904, -16.111785237784943, -9.048981627211148, 2.071933678989523, -2.0777520747593656, -7.3876622978684345, -6.427856132206369, -10.563045606281317]",158.15827002204125,133.92857142857142,0.045933723,23da904f
"[-351.21237499934006, 103.00911360916538, -53.256163265263936, -16.56463303402594, 6.504755126777357, -6.220046670487146, -9.288122301538001, -7.952455486769556, 4.935717463284056, -6.021564185926803, 2.848286669097969, 2.617926977152329, -1.586918067900911]",121.35517957959408,187.5,0.046461597,0f46028a
"[-287.01133974249456, 103.98606192011793, -9.32266439375621, 16.442853138211305, -17.67927251904259, 22.384693518983028, -26.563969767479392, 5.628578355315414, -2.162271164356094, 9.413035766703832, -1.2414739268614983, -0.07996627954561664, 2.283618889513754]",128.1654208209522,170.45454545454547,0.068252094,879a2b38
"[-428.8037467056864, 86.34219409425276, -17.226531292661626, 18.846445023655676, -10.587708834971844, -3.34242285527704, -0.334385878420322, -12.344901886351751, 4.560704437658501, -5.098225467677196, 7.424553892941368, -1.8926250845509212, 1.0001683546990479]",125.88477663703704,208.33333333333334,0.043820642,02ade946
"[-229.14382659351253, 152.84274943386214, -8.259609912698707, 0.38125812571098455, -9.75784736095353, 2.8982139120301054, 0.26448574207860764, 8.59779659905886, -3.140606259737792, -13.286331423079188, -3.108503487711411, 7.264790915456631, -9.38123614844038]",120.60146835027042,117.1875,0.084833786,c5a1e46c
"[-470.0092325717077, 93.1654529432608, 9.420619576276115, 14.988373731901088, -10.10850971595189, 7.568960391894548, 7.432159588265231, -7.566403059103375, -0.5311623362234675, -8.168647305148548, -0.3386462123748406, 9.766363545510618, -1.9549925808750526]",172.56295383574047,234.375,0.03888335,ed032775
"[-284.5641252876822, 160.83704209847326, -13.744432249069037, -14.629523206814774, -12.92730070943752, -7.578296509421737, -7.451115107349725, -21.450896117799434, -14.240626246508086, -2.758124338557405, -8.183332994326825, -6.428680548233908, -15.186372762196942]",172.05713172636766,208.33333333333334,0.09255207,5f9cd2eb
"[-390.01811817411976, 129.40824220508918, -15.297507829867977, 10.95712813295033, 24.382528601238658, -11.98506449605787, -8.706211819829406, -17.408652574667798, -17.774295784750702, -4.924356436643391, -13.168904653429943, 0.6130086700084938, -13.832736594229115]",178.6830310766406,187.5,0.05452816,fbb2f6cc
"[-339.4291399781281, 99.8669589810762, -0.9197632349485296, 16.47042773523638, 7.001332065601068, -13.211776931804481, -14.8183243493925, 1.7107053498416214, -5.222957089706261, -8.98191571476173, -7.061610386772269, -0.501714448678706, -10.712980641819467]",175.52712005483252,234.375,0.0960394,e9bc5cc2
"[-305.44645745216843, 109.6750958683605, -14.470719270469264, 20.852326975900596, -0.7379989244670107, 4.2260706773900765, -9.411579821926104, -2.89461043549015, -1.7182236591353257, -4.604170296925174, -6.629769599757728, -0.034258695020514374, -9.314849624865834]",154.41141666617062,144.23076923076923,0.07559966,ff4ed4f3
"[-473.1480519825836, 139.03592266202352, -13.11449242344755, -4.914773994323491, 18.857631416908884, -5.926595306908631, -9.9005688547979, 5.93879466849832, 3.4146803110971, -9.537376402882499, -2.2488813539927808, -9.267320080199827, -5.680127555356998]",146.5008336656427,144.23076923076923,0.035332017,6ef407da
"[-152.05977565406852, 159.4724455203575, -91.59230165433442, 29.195632630546648, -10.305304553687865, -4.677525500499933, -29.617617870048406, -1.3936536783786813, 15.463473333852527, -20.328339578619307, -0.026095680443479763, -6.841729044310117, -1.6263434630142406]",199.69178542204406,156.25,0.15404055,91ffb786
"[-373.53360087842253, 131.5736850650664, -16.394905095637977, 13.47528734145897, -9.85028854097537, 7.952269640621545, 11.322062893067592, -26.306735776079538, -12.108402234494946, -17.486640713267178, -10.952227018483145, -5.762183803274759, -1.8620096997714684]",160.29719378139782,187.5,0.061513916,cc3b5b62
"[-334.1624079583006, 139.2920177955625, -6.459981657965361, -9.728909489263991, -19.329695756304538, -17.048459786617013, -14.008368505203716, -22.09734029611521, -12.300059063126518, -6.26045360127805, -8.745223943572686, 0.5494067074655733, -1.8471470433950545]",181.47540655644778,208.33333333333334,0.10707865,9b02d503
"[-394.6599716734589, 90.15188128692331, -7.87337338443206, 13.98260139056076, 9.358739995610879, 16.54648057029331, -8.85180462065965, -13.408278455937978, 2.8279180533903148, 1.1809830681996565, 18.279386487950646, -17.14705911066474, -7.164454612248211]",153.88503468845613,208.33333333333334,0.033645615,9b8a7439
"[-252.03491599005145, 132.8070326394332, -40.94162274154303, -16.79267436346047, -16.848578066603782, -11.562531465491674, -6.765167484504363, -0.263855811112923, -10.147342802824092, -15.3424665728427, -5.862384008698468, 1.001993116287173, -8.723729769996867]",137.88799510193584,125.0,0.118926495,8b25410a
"[-232.07153024010734, 135.7987533061627, -0.9310243236483593, -1.9996817911934017, -2.8434587458913003, 7.684958725967407, -4.6348802496572254, -1.840837785585557, -0.010415169594588658, 3.0411643459708624, 3.7899389717507237, 1.3555887628830985, -5.042205234233938]",186.5941608076816,89.28571428571429,0.07615629,88b7c5fa
"[-349.79515790325985, 113.40581400373557, -14.753231770718893, 4.616945639545342, -1.1090240753266554, -12.112449648143112, -8.988824317786962, -11.406034132359501, 2.767781285854373, 0.38784466235367876, -9.17628488554115, 2.082572411924936, -2.316882094996442]",151.4196722200831,208.33333333333334,0.0800271,cb62dbf1
"[-434.4270462677215, 98.6573715436618, -9.558266331630822, 14.407118407701468, -10.481963034835712, -0.9908862677308803, -2.0354613388221754, -3.3274450681537395, -1.471319316738777, -8.03101955094313, -2.0636895990949036, -7.801327561743191, -7.107292923937078]",191.42429942113307,234.375,0.051045433,ee1d8d49
"[-398.1688974330145, 127.38144088460211, 9.297399404184235, 30.01272877166819, 14.382574178748866, -8.5192225968817, -8.154926785720612, -9.898693837246972, 5.235861849262484, -6.925990182538604, 5.729075840324101, -2.314873504945697, -16.972044764370015]",92.1871867237767,187.5,0.06928382,95fd5a0f
"[-463.77403976104824, 55.888539094548946, 24.480189948655603, 2.2371066108650246, 10.515963422723617, -15.320306816274055, 0.5020073609101657, -8.18385587272952, -1.6138458036143413, 1.434781577625349, -7.175588223205738, -0.1290473769705474, -10.419418646856213]",136.2826904733729,234.375,0.010407376,a1cf7fd8
"[-363.27252907414777, 91.6957854019458, -18.23237007390911, -11.74995969138175, -32.79264167883922, 7.864051726374561, -34.11610794284196, 1.626182808927341, 1.7257871069286232, -12.606002878641588, -8.699393206851285, -4.082946964010344, 4.200450923957096]",230.27804052870573,156.25,0.06882239,b0f5b16d
"[-458.0102395182269, 139.86016879510032, -5.864829387898242, -26.210141031563712, -17.532397980589096, -9.52716137062607, -7.108979350505448, 3.7988813364816907, -3.6595762761305215, -19.24774178466965, -14.495965357147337, -8.017272725493498, -0.5610360146072448]",159.05634000349104,234.375,0.023723027,ee23b031
"[-458.4605472801113, 116.1043364938559, -4.215620681438913, 3.9741883080693756, 5.600055527167077, 9.884874403011336, -7.452146787481997, -7.29762497475322, -4.957874913524383, -7.642025144117119, -8.872770582419605, -0.5960928254269897, -3.8112752376443106]",147.71254183646056,208.33333333333334,0.036403276,b8874962
"[-245.57813570779138, 122.3626411812699, -9.757405990536993, 42.733573067977034, -12.19107241277756, 8.671600520111065, 2.438463214436877, -4.50177393231957, 7.201090728083617, 6.2429396321110655, 8.00402150622683, 2.8555520190967787, 0.8105185639085248]",130.2958349375679,208.33333333333334,0.051893964,c678e0b3
"[-369.73668229683955, 97.79730901549478, -18.26709228920485, 23.322259377697435, -10.599624508494303, -7.9138522680525565, -12.27262407364236, -12.082202091435462, -8.746671086522243, -12.034406072679044, -4.7465796275751515, -4.725000575676302, -7.365008313373561]",154.66814259283433,156.25,0.07915377,a929f9b9
"[-421.44712647173344, 127.65715561568616, 21.872640359628647, 8.03880623838878, 12.224187697985634, -17.46276383688268, -15.237589454210056, 0.35769136227375986, 7.665946446181593, -13.429302222181345, 3.4464651936491046, -8.975612562515057, 0.9624238219312635]",192.10364939860332,208.33333333333334,0.039992224,3b3d2f59
"[-542.3115884926871, 109.9435147398478, -25.1817674448944, 10.059941820133712, -8.004372144119145, -10.988832760747542, -5.247566812459809, -3.357119139580031, -14.553593075394515, -5.354702512041829, -24.367005651945565, -7.554931327725951, -4.556372711248478]",151.39002086131774,125.0,0.010457418,a045368c
"[-413.7716591206412, 146.45184766873004, -2.7330611969833627, 31.273950749287582, 10.116716896469077, 22.18023260976879, 14.021520839940411, 21.34501609849949, 3.3217037026154896, 15.83398239880749, 12.190865632508224, 11.668112981183963, 0.3713341834314762]",71.91790006084165,156.25,0.02136883,d0fb9ff4
"[-471.0625104382658, 88.33509442042751, -39.27574370714322, 27.105750649208975, -4.951451203634663, 7.768011294891965, -16.26520745485658, -13.518076449765037, 7.983156812090878, -17.98364666592219, -6.30570079842716, -9.442514862862625, -14.732803375640135]",152.43790200308868,170.45454545454547,0.029620692,bdd22e4d
"[-386.82924857903095, 69.87846141086864, -18.490078183540867, 3.364428241825583, -6.0724424636930845, -2.39115535756152, -15.589738948237741, -10.027949117647058, -5.704101977190072, -2.9554173229589713, -4.049000062043883, -3.048598897164906, -2.771020080616657]",136.95917747724752,187.5,0.044277214,de89e2ca
"[-451.5821549348365, 94.2175146392413, -15.510724657725879, 2.737203705097811, 6.921891784517127, 7.918686656965054, -8.640498948216065, -14.863645707121727, -2.7771201902223073, 1.7869616577567435, -7.926564256961389, -4.798611514160008, -3.0786380305656786]",129.86750908623998,234.375,0.020379495,7e7ca854
"[-379.8171682334489, 114.77522110093201, -15.658586118988907, 4.535648805712071, 1.1841803145006022, -10.445194222190697, -10.741547475917706, -13.97737831709642, 4.020679311672583, 6.776181296897228, -4.696937264615112, -5.363282656782539, -4.859671114700724]",168.63399809240838,208.33333333333334,0.055670075,f0659908
"[-429.50586485949526, 112.98218854951918, -28.010163843556718, 5.118801997171395, 6.145732207154246, -11.058007412631937, -1.091643452724861, -3.5514554321215988, 1.6453236676238414, -14.104382163467072, -6.8704827817389535, -6.365374051298328, -3.6993474310446706]",213.69904663509604,187.5,0.03696543,1a994c9f
"[-270.1752238547799, 113.63775972052471, -19.514660195721763, 10.890716762076428, 1.9085456583628302, 17.229916835494436, -5.424261283606235, -12.15331894997326, -9.256915903317756, 0.4050267010187121, -5.646168918301736, -10.549729393731285, -2.4923400225586603]",141.9557421190246,117.1875,0.016290385,8f447c3e
"[-470.03502529616424, 118.19097772234434, 27.510935344114426, 6.168232727412635, 1.8321617088380213, -5.359054309331325, 6.305054988832689, -4.342300011073075, -0.37987546399982935, -0.18598384444837707, -5.244421719621873, -3.4148944962273107, -3.0689012208956528]",159.6257616317759,110.29411764705883,0.013551218,ff0e27c3
"[-368.58131848338064, 137.11181670073003, -17.068555639784027, -9.412021005449875, -26.579817777709607, 3.7947758541640177, -9.686916724560964, -15.992569677786873, -5.522923298703636, -13.497835792543459, 8.29827764165838, 2.6227011484640115, -4.300115845052996]",163.48908664337586,208.33333333333334,0.069629796,fbb56351
"[-421.8750298743993, 130.8735525004625, 20.479346935881168, 20.98459317242014, 8.112511671313248, -4.081006466289725, -5.094801306994849, -20.404143510130453, -12.910650846554326, -2.4758192469575144, 5.627749903504973, -4.242127644710311, -5.792785974106731]",118.3292210744626,170.45454545454547,0.043899633,4c3cddb8
"[-322.3527612530265, 147.91394416009723, -17.946536765446808, 1.1741639322152797, -3.589554755602909, -16.355001864385276, -3.674105452138273, 2.4941104511721712, -7.642357948847277, 4.296141655436899, -1.8820584538118017, 1.705943384379938, -2.5375938459229728]",143.98970481622382,170.45454545454547,0.07238586,de3fe344
"[-364.22471450923354, 118.88457294107886, -28.927437937176865, 24.581579646148455, -1.418694063144451, -1.9117777019904647, -1.9218008519420224, -5.875510899392842, 5.272338182770501, 4.839068109009742, -5.765515192454176, 9.826335417509549, -6.497272741267323]",174.24580060208055,110.29411764705883,0.039348595,2fcb6397
"[-276.5345113716126, 180.08856250339647, -22.994574952288275, 39.601398375979976, 18.368732570456064, -7.337885494706209, 5.2530814863532385, -2.838325122142528, 4.699002385717183, 5.695837902852464, -1.7849734117678528, 0.08692212901718438, 6.890778961446761]",127.61150964315647,187.5,0.09281368,a56859ea
"[-436.54507666815397, 151.14638944208792, -11.733979629422238, 14.341843870242464, -2.208397879277015, -2.418438652964689, -7.166469406503355, -12.624552813457637, -4.834776105178735, -7.060060617988685, -0.546854561336716, -2.6308760311705517, -1.8312660496128186]",163.01395540749348,170.45454545454547,0.029986195,773e26f7
"[-343.922604523932, 150.60977611174133, 4.685557398144832, 18.023316326560842, 2.796771603184093, 3.924330906680294, -1.1618655678010934, 1.6181330628957935, -2.642336823968243, -4.780723097145843, 3.5129586112386737, -6.553345138321687, -2.89445541978909]",158.6618003616296,234.375,0.057100136,0b7ee1a0
"[-244.35845355203332, 115.21599284252385, -2.14755650041307, -5.294703674073806, 4.788365767237834, -4.5896543505246665, -17.778164492269504, -7.888275165875888, -5.825090850760244, -4.788294747691397, -1.3405315766896384, -1.8053067677754029, -4.0484423045031805]",162.4668573632797,144.23076923076923,0.04974755,0a5636ca
"[-424.44562476100265, 102.96344596539245, -12.943326444195291, -1.2846001336340618, 2.7592339131029027, 10.197432644450997, -14.26401290026892, -11.589742203968271, 3.105987896858371, -0.8094398589862525, -1.8627112585049175, -2.746351205292757, -2.122481858252525]",105.68654450552047,187.5,0.05959982,acfd5b5e
"[-328.41369381874404, 108.86628112699289, -21.113125187288837, -0.8787907909815065, -9.213100354016444, -17.85972994331749, -15.609605501642552, -7.634211346708182, -0.782726341596975, -16.304113548802768, -13.472677481054017, -9.850793089087187, -9.675895499765836]",186.17125974998768,104.16666666666667,0.059538092,ab46af55
"[-377.62211850693654, 113.19243785930108, -15.08881065934406, 11.45920336865252, -9.833635943187858, -7.966580080891055, -0.40004385608255566, -12.466947336830383, -4.512372665699858, -7.621328800729688, -6.090258078009082, -6.427658078365424, -4.960651655193855]",149.13908677595805,208.33333333333334,0.056093626,eaa83485
"[-452.02294049352315, 129.324774259352, 0.33260687452986615, 14.972031826786317, 7.264282126414411, 17.439229149006813, -16.879845141399855, 3.0270527554868796, 0.8050782545362711, -18.393464763832622, -16.694455551967913, -14.067302463419768, -0.2567053000116387]",127.56592170169642,156.25,0.041346114,bd76a7fd
"[-398.74921946099323, 106.17159995936703, -18.442948800317932, -1.7412864362354035, -18.55858888363271, -12.005250033428517, -10.716949977092982, -15.425916289029846, 0.09954877282299157, -6.870557022365802, 5.2736260960893695, 1.0165727109206115, -16.2839687224786]",133.44470385600823,187.5,0.07616046,40738a2d
"[-315.06896577638565, 86.72535207179399, -11.525987388529604, -6.694486933115902, 12.56285800701109, -11.546858040161984, -36.82258346571953, -22.234026921207267, -12.42196728165856, -1.3212122365924315, -15.285055487113297, -0.6660922583130542, -7.17812410646797]",134.17883770997085,187.5,0.09309812,435695e3
"[-416.8717848450745, 138.96213120516023, -13.31697237341086, 16.10409546756608, 2.2065459123945423, -1.8924252202433973, -8.29725906177895, -13.58487165827496, -9.503160036691003, -13.275531589165185, -7.6056527724205605, -11.919479398395492, -0.3509423461256087]",164.19605467900388,208.33333333333334,0.047678884,322d17d3
"[-427.588751292677, 137.109949826888, 14.625452160519497, 7.781017103843586, 8.765095009233624, 4.406041574557091, -6.473382309888802, -5.8291745581691075, -0.37511982137947775, -5.277902721208813, -11.123655994387072, -12.447525973181023, -7.3678283267717]",152.8527796612501,187.5,0.057555564,ca4912b6
"[-386.68728829977556, 188.7592009515207, -38.08605515655413, -21.474110435989, 14.48486314933757, 12.775722393191474, 4.625801999920292, 3.969170050760639, 1.1131075272979023, 2.1324470573305585, 3.56224669272886, 1.1996500481711883, 0.8603922092601894]",169.07677386373257,144.23076923076923,0.034188494,c0cb43d6
"[-448.6448149358257, 165.2530446407199, 46.06442179326659, 5.2447690448638875, -2.2638284968347038, -2.882378161243321, -9.684908544530341, -14.804816290056975, -14.487314645497374, -2.332756441051087, 3.105512139797801, 7.447708974475933, -6.685724337471798]",169.08301520835334,170.45454545454547,0.049152393,c351e611
"[-560.2214667194401, 114.63164564676072, -0.5785358578365936, 25.967735701145298, -21.760874613489364, -16.325019557192757, -4.051657045558583, 0.10035467339232396, -2.765850224645216, -14.134387660323993, -19.64023844114284, -0.16687511912781106, -6.2837480018998235]",119.0176535969398,208.33333333333334,0.010230899,3108acca
"[-274.14134214199134, 130.8953560531017, -36.779695998786366, 10.510112767678567, -4.4312251369236275, -19.357222822375135, -20.95028384864233, -13.519535700910534, 8.22319693083418, -1.8360612843267055, -8.065139670759038, 11.915785455444531, -12.136131582524909]",177.76892299603807,187.5,0.08040963,cb72dfb6
"[-275.88649929325766, 79.59346805036577, -29.4338317990727, -1.7299553572763793, 8.052516747006269, -0.6217167035316291, -4.939792533440022, -2.8842633757120146, 1.8220980623064431, 14.493232287847325, -9.492673167671521, 1.4690584726181957, -14.427153346434663]",97.18560079129911,125.0,0.053717054,1e9e6bdd
"[-425.36689832683703, 135.92941626965617, -27.58872709918568, 7.515597091941675, -0.004155794147151504, -3.1344501534327227, -4.166590530803887, -15.299620944046687, 4.525435460577217, 7.922093980809499, -9.413029666064096, -7.562057168045679, 4.315942258009104]",176.76790842240314,208.33333333333334,0.0341254,72e382bd
"[-494.081380813794, 103.91480271910632, 8.626020027943872, 25.255294696941938, 19.017083107001618, 14.106991530911419, -10.902384046232816, -9.730250457797458, -1.9490679108229028, -15.352656323129231, -8.784385887738992, -5.256807919681168, -4.952917776949683]",124.54719319164249,208.33333333333334,0.023394011,2aca1e72
"[-425.51519468087, 99.32505098702012, -9.205253094320238, 26.305731904411896, -5.1566190769627935, 8.681327372920311, -0.6400782477913673, -13.605890422557316, -11.664327302940357, 0.7934270468834917, -3.783729529939817, -3.7219806645947813, -8.142293715957619]",128.26502689654484,156.25,0.028890617,3589bc72
"[-356.9855306738091, 119.03789664751679, -13.042383711060072, 19.648788067170287, -27.18867744963592, 0.501515897141088, 6.74487048640914, -12.258128449290364, -8.442971023511493, 0.6545013479941303, -11.130296480271909, 6.8861813415091335, -14.511630931084358]",145.4718339427889,187.5,0.046587598,6bf5baf3
"[-337.76943073885093, 103.41601916728357, -26.92262997374349, 2.7248396674482116, -6.874857442609612, 2.4988438216239395, -9.594279104709454, -21.66980762405101, 8.651227343170603, 2.9204945599165453, -4.60421837790865, 1.3433080620561095, -16.480171907383394]",142.27034019005825,187.5,0.07015933,a04817c2
"[-404.3247880196252, 56.92413251246254, 8.576756747944307, -7.234501745082968, -4.650463850674425, 0.07879771426893767, -21.731897430357726, -11.301207020062854, 1.72984709974478, -10.807982010487347, -1.1108692847624724, -0.43592327185289637, -7.122506420140283]",186.42612341973208,156.25,0.029493824,b4ea0d9a
"[-328.02057576992223, 151.4022447696134, 13.897513557112205, 28.845521312231668, -10.04737008859685, 7.045278327579952, 6.409785829647612, 8.20506901775197, -2.264968095795003, 2.9460921858063296, 8.483920141196357, -2.3209820463269155, 7.409046320237961]",109.2281357845091,170.45454545454547,0.047819488,d264f7b6
"[-388.49663433844273, 112.9321108379429, 11.012502118468985, 3.350652864764137, -27.887644860177883, -13.839466458224678, -14.497924855771045, -7.23273619652937, -14.47311200038236, -8.903803157760148, -9.639853236834464, -7.523789240507318, -3.4875559055093306]",169.118761184383,125.0,0.05270549,679463fc
"[-528.6545564180942, 94.1172691913764, 4.671756854526446, 20.242184544692503, 13.99396575191258, 38.22712983384426, 2.4277282028259983, -6.3898538974801165, -4.66773774325428, -12.977809726396824, 0.8254116472664268, 7.8767027914469105, -10.171444948665828]",121.68906501410898,187.5,0.0146120265,3bb68054
"[-212.69003977640068, 142.61202031330185, 23.806839748669365, 7.6500595192526655, -9.607465354495707, -37.262452853086444, -14.088489042559585, -10.12636227400599, 0.821082495354118, -9.032453496802395, -3.150046778794891, 0.7107599139886378, -10.921551955388717]",220.502407509524,144.23076923076923,0.17763487,3f45a0cf
"[-536.0920707635444, 83.08216729044413, -2.5198221588369067, 28.00139159468701, -3.7259858284504266, -23.91508917493682, -16.76247415668553, 2.7249778416110044, -1.1845406034976775, -3.7222263338789814, -18.45324346412792, -9.022835586274885, -5.4567420083951745]",156.40962271797872,125.0,0.01379762,256c0a05
"[-446.0684749728062, 87.99745269575794, -8.220232298985886, 40.58334101860698, -5.299747439988243, -1.3888221495828683, -10.73321642187804, -2.2884007574408507, -11.597673019760755, -4.348786956720197, -7.515427683130561, -15.077268278928255, 1.5726216015476644]",180.6750182011572,234.375,0.02897309,f30285c8
"[-379.2690039949276, 106.17462467881757, 12.181872123185464, 32.93617041620766, -16.637954815004836, -9.92752287106537, -12.196215639699773, -9.981321313463798, -6.465164373246199, -1.1093949019939782, 1.5237952597768543, -11.194836965964338, -8.395291029131304]",156.6594323475574,133.92857142857142,0.040210642,af6fbbf5
"[-389.05274115475765, 65.06730543049235, -19.41632114904221, 18.69496800110613, -25.59624486618057, -7.103909559096947, -11.27969168491537, -9.957688373079026, -1.8683169976263674, -5.042967098539852, -3.7757431150342295, -7.3239816254376, -0.6125931432974692]",201.338275672588,267.85714285714283,0.053027265,ab9b93e4
"[-407.2304250930952, 122.5103977217488, 8.459246688882244, 19.26341345346711, 19.988559682652266, 9.924094317926286, -2.5903137448511835, -2.965077972159421, 0.9554243925322217, -9.054520475324695, -2.8490606675137617, -0.1688349625186163, -13.34616478527738]",116.43423673914168,208.33333333333334,0.057616476,e3e0f145
"[-251.24621193983845, 78.22225372583448, -5.680962207697307, -1.4995736072368326, -2.341423529385601, -15.841607831735438, -12.397430514668613, -6.656944079326436, 1.4266187496471934, -8.828302613712541, -7.606872314807444, 11.356293714054457, -1.1533247134917224]",153.68368727696011,110.29411764705883,0.06919171,7c86c03e
"[-471.3461405378749, 58.921031144804076, -22.975547272967688, 1.4364089042116825, -10.685021593138387, -1.0296141882157137, -30.079884442580315, -5.553310698067837, -0.654988091417114, 1.3124399089643664, -6.879241002016151, -6.212711079775766, -1.406830952005698]",173.39708423749738,187.5,0.023907002,1dc86f91
"[-407.9491511730107, 90.71023785782641, -5.939981339932201, -14.580849973964147, 3.379694773911757, -11.448314850051435, -10.245098909507995, -5.97648522734969, -8.376046933858415, -4.364819989918279, -3.6564575661358463, 1.069213796626636, -6.515136188675048]",145.330685395942,187.5,0.048964523,b69002d4
"[-407.20058516495857, 91.65112638400464, 12.964269339660932, 18.22437858661137, 6.8218176810989455, 11.058172321016473, 8.692580365729595, 8.583510169624223, 5.229720777105815, 10.709477336479255, 5.760824408183148, 7.100212535602394, -1.3650210052495753]",90.52320239741942,98.6842105263158,0.009885443,c53e1048
"[-226.9175729272252, 148.51074101344778, 35.84359121978997, 23.343136717663473, 9.632639401608053, 9.409627208973223, 5.793687320368349, 3.408202233692346, 2.3215380896302085, 0.6133121854138723, -0.6414575926352261, 5.8793159694184025, 2.6950592372142435]",149.72507315821287,156.25,0.22489923,ace82a68
"[-300.9976825737259, 150.34847811185497, -10.023101544408906, -9.983878001962367, -11.925122542499086, 6.528305442346597, -22.318631458143717, -5.485394777441593, 9.53052068147179, -0.47341951215512634, 8.49435145578279, 7.763701150236232, -6.877301936786111]",158.79509857577142,187.5,0.10834186,5cf1ecce
"[-390.98456585196607, 101.79522779241637, -15.400052928848293, 10.566870461953863, 5.39026212594804, -9.298299740017775, -16.39377034131042, -13.099705410687497, -9.131013256889538, -13.781628152696882, -6.104841956704484, -3.099232181695931, 6.0830542342023275]",165.92142462840644,110.29411764705883,0.057144783,d070ea86
"[-154.65465805761426, 103.79183319391913, 16.40677868800139, -7.059024756224968, -9.648860826957922, -6.824230214392013, -5.882761144228383, -12.11550898297048, -1.401213158180585, -0.3181343839274315, -6.473143482788531, -7.749130314409696, -10.8612828478534]",163.45667781647938,234.375,0.09789477,b29f8b23
"[-472.0865409610402, 55.586844048098754, -12.033019159902956, 23.679185610172276, 10.2256149140783, 4.429695627211706, -7.346405846843949, -5.154645156939638, 1.2896651987168342, 6.475305779352738, 1.6720005678424967, -9.95240398088379, -5.862887673968075]",111.11983520646875,208.33333333333334,0.027588177,e6327279
"[-403.2037696302119, 105.33214865561011, -20.817987512229646, 11.647463375756173, -10.686973000257815, -13.347008420926976, -7.8859274048295145, -6.480258670524524, -2.8806344981452323, 2.9847254764800555, -0.6218785840878515, 1.8002784877949178, 0.18936957252948905]",115.58201173143311,110.29411764705883,0.012042977,b76f6088
"[-478.3198246662241, 64.96359949053338, 5.430404424974451, 9.174162573908642, 12.304772367774408, 10.09109710201865, 7.218566441171039, 0.5387425606877664, 11.010562005843639, 4.244476082512417, 5.149905570803388, 1.6199052736496717, 9.095987615868754]",139.68996232376972,133.92857142857142,0.0066974703,bc999754
"[-363.07050588272386, 102.01889014050543, -37.546441636219924, 18.75565942018455, -8.479214613012699, 16.94659076013475, -15.140331241590395, -13.200801008470705, -0.7142610885349763, -6.869654703122305, -1.7368014680531945, -9.142194767679525, -7.155887949645656]",177.7690901857984,312.5,0.057840504,f2e9b610
"[-374.1731168470018, 112.15233464173467, -14.804298643502143, 1.571097253387654, -8.266949486918843, -1.637445868875826, -15.988068962093394, -4.897038384595154, 0.8793517233126151, -3.084493456982344, -3.494962097860222, -6.5994984015272475, 2.6028272231432075]",146.53521997717564,234.375,0.05964925,017c4098
"[-303.3866485441133, 110.11081044296591, -21.645723803362348, 2.0206144086535502, 7.717928566097305, -3.7259379241467414, -4.826556544951384, -6.484443534137169, -15.67348847700781, 7.6797883276469765, -11.572069790864992, -3.875989588681195, -7.0804238485922255]",161.1514306875033,234.375,0.06622636,3a69f765
"[-342.49398331890666, 112.56522132854039, -5.489828405587305, 1.3252799758493863, -16.06602221045827, -5.21228621731092, -8.580969186014542, -9.588785199749022, -0.21491938273332417, -8.875681891809638, -8.42921289023258, -0.2489107896444478, -13.32752256640979]",150.51096728429616,170.45454545454547,0.06508884,ec989d6d
"[-385.87792419352354, 109.30261441635136, 8.546430957293495, 4.226775434622924, -6.565890036065168, -9.065693006853486, -25.649323829054847, -24.94367396298916, -10.021770468191953, -13.32861651370117, -5.871886041603081, 3.230765148483525, 0.51455866229509]",156.29328196991185,208.33333333333334,0.08814811,14c7b073
"[-341.86659890081, 65.1169248214529, -14.29889131426135, 3.4497726119039247, -2.058137847323575, -1.3265321833291517, -7.960569489308525, -2.9655618569018314, 8.503208153192475, 6.071978157033373, -4.554504763385265, 1.80814992645388, -2.4687677522037363]",150.52482645206032,156.25,0.047611743,1ed0b13d
"[-361.32576691989357, 126.13520932245424, 17.666497938365616, 20.30230403254737, 16.25337400245865, 1.1697870436406572, -14.595926175542118, 3.563633100213452, -2.8090650865126543, -1.4514777520222066, -3.832566705549562, 2.369864797867244, -8.797259664993724]",153.86254975273954,125.0,0.067442015,9448c397
"[-374.68830377212566, 122.671521734559, 9.807907628228058, 8.640772724425634, 13.29224298215765, -14.327588461653761, 1.3733866069696963, 2.5864666839480726, -5.775543734198049, -2.4546831876930644, -5.221175176723932, -2.7780965180996176, -13.852625693853215]",148.17271400496153,170.45454545454547,0.040007513,0d90d8e1
"[-430.44038366199624, 153.64421967888165, 37.98911190847637, 9.605899365155556, -2.8520518140074005, -2.665747055589083, -16.774510654323556, -9.70364539944202, -1.7975813721548097, -11.083526658749246, -1.3868256845498135, -0.24160864791850978, -5.078834053529936]",175.50603587004437,170.45454545454547,0.05013357,234d6a48
"[-499.62868083436217, 140.47304098477676, -2.8092984780637305, 19.29930885539891, 20.143260479930326, 6.642056577286377, -3.838309483380963, 11.02935669867692, 11.756051525221135, 7.0656936523614124, 3.0366721510984642, 13.209908916955024, 6.247596786913565]",137.15331021793426,156.25,0.0063802255,5087f68b
"[-545.0775810773234, 102.62643679470176, -22.587769541372428, 11.944751013483941, 2.4783809972935393, 9.224615834184412, 9.83063657337929, -7.83093477896085, -9.077678705602324, -3.080402329549004, -12.264557827112018, -6.997996767207326, -9.874693735652203]",178.35586296392563,125.0,0.011760276,676f8138
"[-344.02025858156964, 118.38490874872147, -16.552620571379002, 20.988937109470942, 1.9230423349255104, 2.149307580211139, -11.057244147657824, -16.569301666535704, -10.299505797258913, -2.2002560006121947, -15.541351462176461, -1.5365328636241498, -12.53835999217658]",159.4818251252451,208.33333333333334,0.056248456,0e6e36c9
"[-340.6928520175568, 77.46753462788708, -10.176757290687018, 14.15830452199928, -14.778222064382152, 5.929076057092226, -3.921608350519807, 2.6854550820264573, 0.6692307376632879, 6.024274230849805, -0.26476061489916436, -3.678962703914044, -2.0657832519313324]",103.75146540919769,208.33333333333334,0.040642366,b5cf6ea8
